node_id,x,y,z,attractor,signage,attractor_node_id,attractor_to_id,self_attractor,lower_staytime,upper_staytime,from_time,to_time
ND0001,216.42689,1192.49716,0,1,0,,,0,0,0,0,23
ND0002,182.38169,984.60656,0,1,0,,,0,0,0,0,23
ND0003,271.76618,733.75303,0,1,0,,,0,0,0,0,23
ND0004,343.72045,443.78342,0,1,0,,,0,0,0,0,23
ND0005,397.8862,235.65843,0,1,0,,,0,0,0,0,23
ND0006,389.15559,1166.63802,0,1,0,,,0,0,0,0,23
ND0007,431.52699,1004.32586,0,1,0,,,0,0,0,0,23
ND0008,502.10996,1131.32364,0,1,0,,,0,0,0,0,23
ND0009,644.91261,1075.91985,0,1,0,,,0,0,0,0,23
ND0010,440.9314,852.27363,0,1,0,,,0,0,0,0,23
ND0011,562.35842,876.14011,0,1,0,,,0,0,0,0,23
ND0012,682.63231,899.36872,0,1,0,,,0,0,0,0,23
ND0013,479.0668,660.37858,0,1,0,,,0,0,0,0,23
ND0014,598.51718,691.30219,0,1,0,,,0,0,0,0,23
ND0015,718.84151,714.93164,0,1,0,,,0,0,0,0,23
ND0016,513.83606,484.60477,0,1,0,,,0,0,0,0,23
ND0017,634.01516,509.78947,0,1,0,,,0,0,0,0,23
ND0018,590.44686,326.64788,0,1,0,,,0,0,0,0,23
ND0019,762.93472,508.19309,0,1,0,,,0,0,0,0,23
ND0020,849.97731,1033.56751,0,1,0,,,0,0,0,0,23
ND0021,822.81051,906.23492,0,1,0,,,0,0,0,0,23
ND0022,992.90469,973.37119,0,1,0,,,0,0,0,0,23
ND0023,989.97705,890.78528,0,1,0,,,0,0,0,0,23
ND0024,844.80297,733.61764,0,1,0,,,0,0,0,0,23
ND0025,999.86539,737.86666,0,1,0,,,0,0,0,0,23
ND0026,870.88244,545.69316,0,1,0,,,0,0,0,0,23
ND0027,1010.09592,580.98442,0,1,0,,,0,0,0,0,23
NU0001,498.64168,814.39144,-11250,1,0,,,0,0,0,0,23
NU0002,571.20826,739.08468,-9422,1,0,,,0,0,0,0,23
NU0003,468.60459,942.34238,0,1,0,,,0,0,0,0,23
NU0004,562.38112,741.29757,-9422,1,0,,,0,0,0,0,23
NU0005,563.15037,746.34765,-9422,1,0,,,0,0,0,0,23
NU0006,493.47585,936.85166,-11250,1,0,,,0,0,0,0,23
NU0007,640.47288,749.8663,-11194,1,0,,,0,0,0,0,23
NU0008,716.06677,813.17315,-10754,1,0,,,0,0,0,0,23
NU0009,713.80319,822.11462,-10754,1,0,,,0,0,0,0,23
NU0010,708.64788,811.71736,-10754,1,0,,,0,0,0,0,23
NU0011,368.71926,755.93388,-13504,1,0,,,0,0,0,0,23
NU0012,486.87715,765.16853,-13701.20273,1,0,,,0,0,0,0,23
NU0013,370.33839,756.2516,-13504,1,0,,,0,0,0,0,23
NU0014,586.9531,804.75964,-15900,1,0,,,0,0,0,0,23
NU0015,507.75003,947.29065,0,1,0,,,0,0,0,0,23
NU0016,480.72043,934.34183,-11250,1,0,,,0,0,0,0,23
NU0017,476.52829,959.1324,0,1,0,,,0,0,0,0,23
NU0018,489.19235,808.72483,-8600,1,0,,,0,0,0,0,23
NU0019,467.39816,760.85895,-20250,1,0,,,0,0,0,0,23
NU0020,496.33673,767.02487,-13100,1,0,,,0,0,0,0,23
NU0021,491.2541,961.97098,0,1,0,,,0,0,0,0,23
NU0022,492.32151,955.17737,0,1,0,,,0,0,0,0,23
NU0023,368.82338,745.01664,-13504,1,0,,,0,0,0,0,23
NU0024,501.2731524,773.7391288,-25150,1,0,,,0,0,0,0,23
NU0025,539.19373,964.94058,0,1,0,,,0,0,0,0,23
NU0026,454.98544,778.56334,-20250,1,0,,,0,0,0,0,23
NU0027,496.92483,767.14028,-13250,1,0,,,0,0,0,0,23
NU0028,373.77453,746.141,-13504,1,0,,,0,0,0,0,23
NU0029,477.41757,763.3122,-14002.40546,1,0,,,0,0,0,0,23
NU0030,633.3833,757.61532,-15900,1,0,,,0,0,0,0,23
NU0043,635.83983,807.69697,-25150,1,0,,,0,0,0,0,23
NU0044,368.92174,763.09492,-5304,1,0,,,0,0,0,0,23
NU0045,361.01727,761.52448,-5304,1,0,,,0,0,0,0,23
NU0046,637.77972,797.8111,-17939.99349,1,0,,,0,0,0,0,23
NU0062,529.8647,969.60118,0,1,0,,,0,0,0,0,23
NU0063,437.43094,730.97425,-8422,1,0,,,0,0,0,0,23
NU0064,440.85037,723.07256,-8272,1,0,,,0,0,0,0,23
NU0065,535.63079,984.24944,0,1,0,,,0,0,0,0,23
NU0066,560.08819,1012.8124,0,1,0,,,0,0,0,0,23
NU0067,491.85169,1002.90117,0,1,0,,,0,0,0,0,23
NU0068,525.59445,996.41804,0,1,0,,,0,0,0,0,23
NU0069,473.69582,778.26066,-14700,1,0,,,0,0,0,0,23
NU0070,472.18902,748.51564,-20250,1,0,,,0,0,0,0,23
NU0071,520.59942,1018.5887,0,1,0,,,0,0,0,0,23
NU0072,433.56957,734.29283,-8272,1,0,,,0,0,0,0,23
NU0073,532.80038,1013.56651,0,1,0,,,0,0,0,0,23
NU0074,457.16579,728.00651,-15010,1,0,,,0,0,0,0,23
NU0075,561.64741,1098.6038,0,1,0,,,0,0,0,0,23
NU0076,475.97769,733.67524,-15010,1,0,,,0,0,0,0,23
NU0077,573.13221,1095.01263,0,1,0,,,0,0,0,0,23
NU0078,363.65399,766.16722,-5304,1,0,,,0,0,0,0,23
NU0079,635.04201,749.16229,-8480,1,0,,,0,0,0,0,23
NU0080,368.16013,767.06249,-5304,1,0,,,0,0,0,0,23
NU0081,393.91534,747.54555,-20400,1,0,,,0,0,0,0,23
NU0082,463.25565,745.74349,-20250,1,0,,,0,0,0,0,23
NU0083,385.94065,751.94228,-20250,1,0,,,0,0,0,0,23
NU0084,640.54366,783.72571,-25000,1,0,,,0,0,0,0,23
NU0085,456.72171,768.37141,-20250,1,0,,,0,0,0,0,23
NU0086,620.27451,775.65827,-20450,1,0,,,0,0,0,0,23
NU0087,452.65751,760.25453,-20400,1,0,,,0,0,0,0,23
NU0088,616.50328,778.33214,-17950,1,0,,,0,0,0,0,23
NU0089,640.54366,783.72571,-24250,1,0,,,0,0,0,0,23
NU0090,628.81357,775.34638,-15900,1,0,,,0,0,0,0,23
NU0091,601.26149,1180.76523,0,1,0,,,0,0,0,0,23
NU0092,609.3263356,782.0464536,-15900,1,0,,,0,0,0,0,23
NU0093,471.33361,762.11829,-13971.96853,1,0,,,0,0,0,0,23
NU0094,567.22653,797.97804,-11254,1,0,,,0,0,0,0,23
NU0095,614.89953,1176.45614,0,1,0,,,0,0,0,0,23
NU0096,577.05443,802.97414,-11404,1,0,,,0,0,0,0,23
NU0097,570.27766,801.64436,-11404,1,0,,,0,0,0,0,23
NU0098,597.32311,1188.63517,0,1,0,,,0,0,0,0,23
NU0099,569.31908,758.13057,-15900,1,0,,,0,0,0,0,23
NU0100,503.8899482,760.7676508,-25000,1,0,,,0,0,0,0,23
NU0101,565.0523089,771.7595918,-15900,1,0,,,0,0,0,0,23
NU0102,546.72796,1210.87062,0,1,0,,,0,0,0,0,23
NU0103,496.42882,766.55556,-14925,1,0,,,0,0,0,0,23
NU0104,498.75928,757.68837,-16728.78145,1,0,,,0,0,0,0,23
NU0105,570.8386271,772.8905614,-15900,1,0,,,0,0,0,0,23
NU0106,488.92563,755.75873,-20250,1,0,,,0,0,0,0,23
NU0107,552.85497,1226.94785,0,1,0,,,0,0,0,0,23
NU0108,605.60949,1208.28405,0,1,0,,,0,0,0,0,23
NU0109,617.10947,1215.41698,0,1,0,,,0,0,0,0,23
NU0110,598.6313615,792.6594871,-15900,1,0,,,0,0,0,0,23
NU0111,367.39229,771.26525,-8304,1,0,,,0,0,0,0,23
NU0112,778.22459,1143.69481,0,1,0,,,0,0,0,0,23
NU0113,471.72615,701.59254,-15010,1,0,,,0,0,0,0,23
NU0114,466.62953,727.82372,-15010,1,0,,,0,0,0,0,23
NU0115,366.37656,776.44153,-8304,1,0,,,0,0,0,0,23
NU0116,477.81617,730.01897,-15010,1,0,,,0,0,0,0,23
NU0117,478.924,699.43829,-15010,1,0,,,0,0,0,0,23
NU0118,362.57695,772.43492,-8304,1,0,,,0,0,0,0,23
NU0119,474.22626,782.33913,-14550,1,0,,,0,0,0,0,23
NU0120,358.57534,774.91072,-8304,1,0,,,0,0,0,0,23
NU0121,435.96042,722.11302,-8272,1,0,,,0,0,0,0,23
NU0122,483.54703,731.97358,-15010,1,0,,,0,0,0,0,23
NU0123,577.74763,799.44151,-11254,1,0,,,0,0,0,0,23
NU0124,479.23237,779.34714,-14700,1,0,,,0,0,0,0,23
NU0125,478.64227,781.57521,-14700,1,0,,,0,0,0,0,23
NU0126,709.80321,805.82965,-10754,1,0,,,0,0,0,0,23
NU0127,632.0843,745.43718,-11194,1,0,,,0,0,0,0,23
NU0128,512.74857,838.64103,-11250,1,0,,,0,0,0,0,23
NU0129,575.76506,753.92909,-9422,1,0,,,0,0,0,0,23
NU0130,731.20233,800.6431,-10754,1,0,,,0,0,0,0,23
NU0131,800.78393,1100.05162,0,1,0,,,0,0,0,0,23
NU0132,640.99397,747.1855,-11194,1,0,,,0,0,0,0,23
NU0133,718.50539,798.15161,-10754,1,0,,,0,0,0,0,23
NU0134,723.64015,1138.40984,0,1,0,,,0,0,0,0,23
NU0135,771.02277,1129.04869,0,1,0,,,0,0,0,0,23
NU0136,498.194,810.28153,-8900,1,0,,,0,0,0,0,23
NU0137,638.93505,791.92338,-17780.8533,1,0,,,0,0,0,0,23
NU0138,498.45757,782.33481,-9200,1,0,,,0,0,0,0,23
NU0139,496.33673,767.02487,-13250,1,0,,,0,0,0,0,23
NU0140,622.80286,1179.30461,0,1,0,,,0,0,0,0,23
NU0141,493.00827,784.39437,-9200,1,0,,,0,0,0,0,23
NU0142,794.73976,1142.59915,0,1,0,,,0,0,0,0,23
NU0143,736.76264,829.09135,0,1,0,,,0,0,0,0,23
NU0144,740.8626412,799.298596,0,1,0,,,0,0,0,0,23
NU0145,496.42882,766.55556,-14087.5,1,0,,,0,0,0,0,23
NU0146,520.27954,814.76551,-11250,1,0,,,0,0,0,0,23
NU0147,726.50017,824.60611,-10754,1,0,,,0,0,0,0,23
NU0148,788.8727691,836.9796674,0,1,0,,,0,0,0,0,23
NU0149,787.21535,848.23867,0,1,0,,,0,0,0,0,23
NU0150,856.10854,846.24769,0,1,0,,,0,0,0,0,23
NU0151,854.48057,855.81982,0,1,0,,,0,0,0,0,23
NU0152,894.7800568,851.0180037,0,1,0,,,0,0,0,0,23
NU0153,897.26992,867.23203,0,1,0,,,0,0,0,0,23
NU0154,912.58316,867.40969,0,1,0,,,0,0,0,0,23
NU0155,909.1071717,854.2062767,0,1,0,,,0,0,0,0,23
NU0156,929.18171,853.57267,0,1,0,,,0,0,0,0,23
NU0157,766.7224972,802.7231938,0,1,0,,,0,0,0,0,23
NU0158,886.3771128,819.3238104,0,1,0,,,0,0,0,0,23
NU0159,891.0025571,813.5304395,0,1,0,,,0,0,0,0,23
NU0160,907.0274608,814.6399711,0,1,0,,,0,0,0,0,23
NU0161,911.9275508,821.3224957,0,1,0,,,0,0,0,0,23
NU0162,1053.516252,830.8221218,0,1,0,,,0,0,0,0,23
NU0163,1063.90779,826.26113,0,1,0,,,0,0,0,0,23
NU0164,1065.52409,790.46498,0,1,0,,,0,0,0,0,23
NU0165,1069.06267,752.56673,0,1,0,,,0,0,0,0,23
NU0166,1072.63177,736.83245,0,1,0,,,0,0,0,0,23
NU0167,1110.70447,744.64485,0,1,0,,,0,0,0,0,23
NU0168,1117.12861,716.03714,0,1,0,,,0,0,0,0,23
NU0169,1099.17287,714.63182,0,1,0,,,0,0,0,0,23
NU0170,1100.58661,698.18546,0,1,0,,,0,0,0,0,23
NU0171,1121.37482,670.27288,0,1,0,,,0,0,0,0,23
NU0172,1104.13518,667.43661,0,1,0,,,0,0,0,0,23
NU0173,1102.71948,682.45307,0,1,0,,,0,0,0,0,23
NU0174,1138.97401,673.46618,0,1,0,,,0,0,0,0,23
NU0175,1137.91634,687.76716,0,1,0,,,0,0,0,0,23
NU0176,1129.20355,618.42615,0,1,0,,,0,0,0,0,23
NU0177,1108.37596,617.73971,0,1,0,,,0,0,0,0,23
NU0178,1106.9622,634.18621,0,1,0,,,0,0,0,0,23
NU0179,1111.23095,604.86611,0,1,0,,,0,0,0,0,23
NU0180,1144.96882,593.38019,0,1,0,,,0,0,0,0,23
NU0181,1164.35331,589.0638,0,1,0,,,0,0,0,0,23
NU0182,1124.13824,590.54876,0,1,0,,,0,0,0,0,23
NU0183,1117.64441,568.39313,0,1,0,,,0,0,0,0,23
NU0184,1114.79038,581.98176,0,1,0,,,0,0,0,0,23
NU0185,1071.6456,542.00179,0,1,0,,,0,0,0,0,23
NU0186,1062.33111,557.74432,0,1,0,,,0,0,0,0,23
NU0187,940.86501,488.55842,0,1,0,,,0,0,0,0,23
NU0188,931.53676,494.29133,0,1,0,,,0,0,0,0,23
NU0189,857.49831,446.4901,0,1,0,,,0,0,0,0,23
NU0190,1186.63969,606.193,0,1,0,,,0,0,0,0,23
NU0191,1214.59348,566.11584,0,1,0,,,0,0,0,0,23
NU0192,1201.67531,572.56828,0,1,0,,,0,0,0,0,23
NU0193,1128.38847,547.64381,0,1,0,,,0,0,0,0,23
NU0194,1113.98989,521.92396,0,1,0,,,0,0,0,0,23
NU0195,948.01093,462.80874,0,1,0,,,0,0,0,0,23
NU0196,929.4141,517.17399,0,1,0,,,0,0,0,0,23
NU0197,937.20058,435.65396,0,1,0,,,0,0,0,0,23
NU0198,917.82383,445.69087,0,1,0,,,0,0,0,0,23
NU0199,842.48983,498.70563,0,1,0,,,0,0,0,0,23
NU0200,830.27695,495.86278,0,1,0,,,0,0,0,0,23
NU0201,813.75204,490.88104,0,1,0,,,0,0,0,0,23
NU0202,842.40767,440.07627,0,1,0,,,0,0,0,0,23
NU0203,756.15625,390.14771,0,1,0,,,0,0,0,0,23
NU0204,722.48082,445.96511,0,1,0,,,0,0,0,0,23
NU0205,577.37511,421.86172,0,1,0,,,0,0,0,0,23
NU0206,561.63264,461.92403,0,1,0,,,0,0,0,0,23
NU0207,587.36616,377.51748,0,1,0,,,0,0,0,0,23
NU0208,583.80289,396.82758,0,1,0,,,0,0,0,0,23
NU0209,702.32537,413.1038,0,1,0,,,0,0,0,0,23
NU0210,730.28468,378.02925,0,1,0,,,0,0,0,0,23
NU0211,697.98895,393.80498,0,1,0,,,0,0,0,0,23
NU0212,749.63511,349.40183,0,1,0,,,0,0,0,0,23
NU0213,814.31556,380.77083,0,1,0,,,0,0,0,0,23
NU0214,860.97712,366.40539,0,1,0,,,0,0,0,0,23
NU0215,824.4734,454.40133,0,1,0,,,0,0,0,0,23
NU0216,805.18728,528.78756,0,1,0,,,0,0,0,0,23
NU0217,800.1943,553.10417,0,1,0,,,0,0,0,0,23
NU0218,778.01581,613.19408,0,1,0,,,0,0,0,0,23
NU0219,771.53323,599.61854,0,1,0,,,0,0,0,0,23
NU0220,783.09428,649.65094,0,1,0,,,0,0,0,0,23
NU0221,755.98999,781.24436,0,1,0,,,0,0,0,0,23
NU0222,935.21956,853.90817,0,1,0,,,0,0,0,0,23
NU0223,930.26537,870.88943,0,1,0,,,0,0,0,0,23
NU0224,1049.789583,863.1379121,0,1,0,,,0,0,0,0,23
NU0225,1060.29241,872.60981,0,1,0,,,0,0,0,0,23
NU0226,1059.24836,926.67396,0,1,0,,,0,0,0,0,23
NU0227,1044.88864,928.83862,0,1,0,,,0,0,0,0,23
NU0228,1062.87545,953.12234,0,1,0,,,0,0,0,0,23
NU0229,1022.00712,1000.3656,0,1,0,,,0,0,0,0,23
NU0230,1016.25123,992.50908,0,1,0,,,0,0,0,0,23
NU0231,999.04286,1011.83656,0,1,0,,,0,0,0,0,23
NU0232,1029.91936,1009.64903,0,1,0,,,0,0,0,0,23
NU0233,1071.52254,974.55905,0,1,0,,,0,0,0,0,23
NU0234,1085.099685,967.5160673,0,1,0,,,0,0,0,0,23
NU0235,1088.7891,997.41379,0,1,0,,,0,0,0,0,23
NU0236,1103.14872,995.24922,0,1,0,,,0,0,0,0,23
NU0237,1149.77624,958.0078,0,1,0,,,0,0,0,0,23
NU0238,1158.4114,970.86517,0,1,0,,,0,0,0,0,23
NU0239,1149.08548,978.02744,0,1,0,,,0,0,0,0,23
NU0240,1156.33418,1027.34915,0,1,0,,,0,0,0,0,23
NU0241,1142.69468,1030.94254,0,1,0,,,0,0,0,0,23
NU0242,1142.0499,1084.56441,0,1,0,,,0,0,0,0,23
NU0243,1132.73293,1098.16109,0,1,0,,,0,0,0,0,23
NU0244,1101.85082,1096.05859,0,1,0,,,0,0,0,0,23
NU0245,1139.24785,1136.04409,0,1,0,,,0,0,0,0,23
NU0246,1152.89501,1138.17024,0,1,0,,,0,0,0,0,23
NU0247,1161.44503,1088.82756,0,1,0,,,0,0,0,0,23
NU0248,1175.09031,1089.52388,0,1,0,,,0,0,0,0,23
NU0249,1179.99333,998.71885,0,1,0,,,0,0,0,0,23
NU0250,1191.47754,994.41349,0,1,0,,,0,0,0,0,23
NU0251,1178.521,972.26762,0,1,0,,,0,0,0,0,23
NU0252,1183.55114,944.27888,0,1,0,,,0,0,0,0,23
NU0253,1161.49341,824.76424,0,1,0,,,0,0,0,0,23
NU0254,1112.19518,784.32363,0,1,0,,,0,0,0,0,23
NU0255,1125.10339,783.20764,0,1,0,,,0,0,0,0,23
NU0256,1127.33113,801.4961,0,1,0,,,0,0,0,0,23
NU0257,1165.33599,782.82099,0,1,0,,,0,0,0,0,23
NU0258,1110.73935,808.90115,0,1,0,,,0,0,0,0,23
NU0259,1140.85213,831.22426,0,1,0,,,0,0,0,0,23
NU0260,1151.9788,885.08425,0,1,0,,,0,0,0,0,23
NU0261,1141.78584,891.52771,0,1,0,,,0,0,0,0,23
NU0262,1078.58686,889.46951,0,1,0,,,0,0,0,0,23
NU0263,1077.23612,951.67267,0,1,0,,,0,0,0,0,23
NU0264,1144.73074,944.43055,0,1,0,,,0,0,0,0,23
NF0001,779.2,841.7,-102,1,0,,,0,0,0,0,23
NF0002,987.50502,728.08329,-100,1,0,,,0,0,0,0,23
NF0003,912.54596,953.76593,-1702,1,0,,,0,0,0,0,23
NF0004,1057.04084,655.27001,-100,1,0,,,0,0,0,0,23
NF0005,827.98974,982.12158,-1102,1,0,,,0,0,0,0,23
NF0006,1014.33723,599.86198,-100,1,0,,,0,0,0,0,23
NF0007,935.15795,1065.08368,-1202,1,0,,,0,0,0,0,23
NF0008,921.18012,960.12335,-1702,1,0,,,0,0,0,0,23
NF0009,1021.18055,579.55188,-100,1,0,,,0,0,0,0,23
NF0010,1057.27369,596.48453,-100,1,0,,,0,0,0,0,23
NF0011,787.79167,1104.75082,-1202,1,0,,,0,0,0,0,23
NF0012,784.86186,1100.01887,-202,1,0,,,0,0,0,0,23
NF0013,948.56406,1049.19384,-1624.413793,1,0,,,0,0,0,0,23
NF0014,791.98355,1110.76422,-1002,1,0,,,0,0,0,0,23
NF0015,915.44851,723.90128,-300,1,0,,,0,0,0,0,23
NF0016,908.81209,813.80082,-302,1,0,,,0,0,0,0,23
NF0017,805.7718,1111.21812,-202,1,0,,,0,0,0,0,23
NF0018,1000.3488,721.23928,-100,1,0,,,0,0,0,0,23
NF0019,798.36625,1113.15066,-202,1,0,,,0,0,0,0,23
NF0020,785.63189,1101.35898,-202,1,0,,,0,0,0,0,23
NF0021,1004.60694,652.22777,-100,1,0,,,0,0,0,0,23
NF0022,867.96059,1081.44192,-2,1,0,,,0,0,0,0,23
NF0023,1012.57923,618.55167,-100,1,0,,,0,0,0,0,23
NF0024,933.40838,921.37707,-238.1702128,1,0,,,0,0,0,0,23
NF0025,1013.79876,652.73942,-100,1,0,,,0,0,0,0,23
NF0026,1057.21877,648.06051,-100,1,0,,,0,0,0,0,23
NF0027,1054.45291,963.2831,-502,1,0,,,0,0,0,0,23
NF0028,1050.69627,725.51369,-100,1,0,,,0,0,0,0,23
NF0029,908.38806,954.1938,-1902,1,0,,,0,0,0,0,23
NF0030,1060.77606,622.02106,-100,1,0,,,0,0,0,0,23
NF0031,1055.8165,937.12187,-502,1,0,,,0,0,0,0,23
NF0032,894.66439,649.67266,-300,1,0,,,0,0,0,0,23
NF0033,972.02975,1045.90623,-1702,1,0,,,0,0,0,0,23
NF0034,876.97388,713.85567,-100,1,0,,,0,0,0,0,23
NF0035,938.87491,946.35395,-1702,1,0,,,0,0,0,0,23
NF0036,817.50915,644.84881,-200.0000423,1,0,,,0,0,0,0,23
NF0037,1012.83187,614.26926,-100,1,0,,,0,0,0,0,23
NF0038,1013.45951,645.0021,-100,1,0,,,0,0,0,0,23
NF0039,896.00434,712.99723,-300,1,0,,,0,0,0,0,23
NF0040,964.77225,1027.49407,-1702,1,0,,,0,0,0,0,23
NF0041,976.27942,1036.46691,-1902,1,0,,,0,0,0,0,23
NF0042,970.99065,648.64558,-100,1,0,,,0,0,0,0,23
NF0043,1017.60714,1074.11719,-1902,1,0,,,0,0,0,0,23
NF0044,871.29045,648.25735,-300,1,0,,,0,0,0,0,23
NF0045,1008.96366,721.79722,-100,1,0,,,0,0,0,0,23
NF0046,1100.404,1056.4096,-302,1,0,,,0,0,0,0,23
NF0047,800.29383,708.10451,-300,1,0,,,0,0,0,0,23
NF0048,907.27859,932.31767,-1532.188679,1,0,,,0,0,0,0,23
NF0049,866.16703,711.94642,-300,1,0,,,0,0,0,0,23
NF0050,1028.88115,1029.23972,-702,1,0,,,0,0,0,0,23
NF0051,1154.82538,1023.36332,-302,1,0,,,0,0,0,0,23
NF0052,521.60219,1021.16352,-1499.921263,1,0,,,0,0,0,0,23
NF0053,743.58519,982.28078,-648.3529412,1,0,,,0,0,0,0,23
NF0054,475.7359,1237.53062,-6538.163149,1,0,,,0,0,0,0,23
NF0055,750.58974,987.05423,-824,1,0,,,0,0,0,0,23
NF0056,965.10574,718.99953,-300,1,0,,,0,0,0,0,23
NF0057,603.70636,1181.62495,-3521.384406,1,0,,,0,0,0,0,23
NF0058,809.26471,654.09071,-100,1,0,,,0,0,0,0,23
NF0059,403.45399,1083.47793,-5759.143788,1,0,,,0,0,0,0,23
NF0060,1061.02976,617.63415,-100,1,0,,,0,0,0,0,23
NF0061,1102.22162,1031.86785,-302,1,0,,,0,0,0,0,23
NF0062,1151.57917,1049.64109,-302,1,0,,,0,0,0,0,23
NF0063,1076.10226,976.74787,-792.3225806,1,0,,,0,0,0,0,23
NF0064,1212.0821,1014.64489,-302,1,0,,,0,0,0,0,23
NF0065,1162.01237,964.17835,-234.3529412,1,0,,,0,0,0,0,23
NF0066,1174.95503,1099.23483,-102,1,0,,,0,0,0,0,23
NF0067,1017.15447,1046.73051,-1902,1,0,,,0,0,0,0,23
NF0068,1149.49244,1013.38039,-302,1,0,,,0,0,0,0,23
NF0069,1106.16538,1055.10962,-302,1,0,,,0,0,0,0,23
NF0070,1155.17806,1009.25782,-302,1,0,,,0,0,0,0,23
NF0071,1149.77118,961.11909,-807.8823529,1,0,,,0,0,0,0,23
NF0072,1026.7294,1035.27948,-394.3076923,1,0,,,0,0,0,0,23
NF0073,880.48439,648.56,-300,1,0,,,0,0,0,0,23
NF0074,996.58097,1065.75114,-1902,1,0,,,0,0,0,0,23
NF0075,1194.43583,1095.14825,-302,1,0,,,0,0,0,0,23
NF0076,1091.12536,1033.63605,-302,1,0,,,0,0,0,0,23
NF0077,1168.23165,1092.37309,-102,1,0,,,0,0,0,0,23
NF0078,1094.34,1067.22,-302,1,0,,,0,0,0,0,23
NF0079,1008.83418,1063.26314,-1702,1,0,,,0,0,0,0,23
NF0080,1088.01879,1097.51334,-302,1,0,,,0,0,0,0,23
NF0081,1103.47108,1099.02937,-102,1,0,,,0,0,0,0,23
NF0082,1067.41552,747.23607,-300,1,0,,,0,0,0,0,23
NF0083,1098.9829,1072.80347,-302,1,0,,,0,0,0,0,23
NF0084,1176.38343,1020.55203,-102,1,0,,,0,0,0,0,23
NF0085,1145.21165,1095.06498,-302,1,0,,,0,0,0,0,23
NF0086,1034.76038,1083.07087,-1702,1,0,,,0,0,0,0,23
NF0087,1138.95989,1103.46676,-302,1,0,,,0,0,0,0,23
NF0088,1058.77557,1095.54333,-102,1,0,,,0,0,0,0,23
NF0089,1107.22017,1064.42191,-302,1,0,,,0,0,0,0,23
NF0090,1150.39225,1058.43412,-302,1,0,,,0,0,0,0,23
NF0091,1000.11547,728.76029,-300,1,0,,,0,0,0,0,23
NF0092,996.13468,827.22907,-302,1,0,,,0,0,0,0,23
NF0093,1056.19769,831.54088,-277,1,0,,,0,0,0,0,23
NF0094,1059.56792,731.63842,-100,1,0,,,0,0,0,0,23
NF0095,1068.63512,655.91064,-100,1,0,,,0,0,0,0,23
NF0096,1076.19744,740.38913,-100,1,0,,,0,0,0,0,23
NF0097,1064.49333,719.97247,-100,1,0,,,0,0,0,0,23
NF0098,1106.33664,662.79766,-300,1,0,,,0,0,0,0,23
NF0099,1102.25524,715.78107,-300,1,0,,,0,0,0,0,23
NF0100,1069.19552,606.01199,-100,1,0,,,0,0,0,0,23
NF0101,1065.78572,648.35678,-100,1,0,,,0,0,0,0,23
NF0102,1111.24695,623.11478,-300,1,0,,,0,0,0,0,23
NF0103,1077.42108,598.77994,-100,1,0,,,0,0,0,0,23
NF0104,1115.03068,567.08057,-100,1,0,,,0,0,0,0,23
NF0105,1097.32184,559.14175,-300,1,0,,,0,0,0,0,23
NF0106,1107.28431,650.54263,-300,1,0,,,0,0,0,0,23
NF0107,1123.47316,792.21314,398,1,0,,,0,0,0,0,23
NF0108,1123.64767,800.85383,127.7300542,1,0,,,0,0,0,0,23
NF0109,1111.91118,611.7581,-300,1,0,,,0,0,0,0,23
NF0110,1120.04271,575.12521,-300,1,0,,,0,0,0,0,23
NF0111,929.20963,918.1212,-635.3333333,1,0,,,0,0,0,0,23
NF0139,58.89411,1138.13284,-12549,1,0,,,0,0,0,0,23
NF0140,83.1471,1203.73912,-12749,1,0,,,0,0,0,0,23
NF0141,1127.92874,808.86153,380.9354601,1,0,,,0,0,0,0,23
NF0142,1123.52508,794.94544,396.7513751,1,0,,,0,0,0,0,23
NF0143,1069.59241,772.2942,70.60784755,1,0,,,0,0,0,0,23
NF0144,1126.62137,767.9398,643,1,0,,,0,0,0,0,23
NF0145,1124.09579,785.07681,413,1,0,,,0,0,0,0,23
NF0146,1095.88536,735.5648,145.868701,1,0,,,0,0,0,0,23
NF0147,1220.60354,978.36158,-102,1,0,,,0,0,0,0,23
NF0148,1182.57564,966.68703,98,1,0,,,0,0,0,0,23
NF0149,909.85273,514.0908,-300,1,0,,,0,0,0,0,23
NF0150,1146.54564,589.1096,-300,1,0,,,0,0,0,0,23
NF0151,1127.08238,750.93219,363.2499851,1,0,,,0,0,0,0,23
NF0152,1126.71713,758.53655,458,1,0,,,0,0,0,0,23
NF0153,948.6879,456.0233,-100,1,0,,,0,0,0,0,23
NF0154,1156.07629,585.69636,-300,1,0,,,0,0,0,0,23
NF0155,1269.31348,596.47254,-300,1,0,,,0,0,0,0,23
NF0156,1129.86034,719.22751,-300,1,0,,,0,0,0,0,23
NF0157,907.39986,426.6065,-525,1,0,,,0,0,0,0,23
NF0158,917.2,859,-302,1,0,,,0,0,0,0,23
NF0159,1263.72323,622.12053,-300,1,0,,,0,0,0,0,23
NF0160,924.6016,856.23197,-419.2857143,1,0,,,0,0,0,0,23
NF0161,928.80604,1092.59973,-1002,1,0,,,0,0,0,0,23
NF0162,849.53604,490.90644,-602,1,0,,,0,0,0,0,23
NF0163,45.42828,982.90459,-8099.777897,1,0,,,0,0,0,0,23
NF0164,1028.87165,1128.9438,-1702,1,0,,,0,0,0,0,23
NF0165,143.37305,922.89225,-11900,1,0,,,0,0,0,0,23
NF0166,101.1343,1076.61279,-11900,1,0,,,0,0,0,0,23
NF0167,500.44444,1253.67896,-6133.308728,1,0,,,0,0,0,0,23
NF0168,1183.86604,973.38892,-102,1,0,,,0,0,0,0,23
NF0169,85.89615,941.50716,-11223,1,0,,,0,0,0,0,23
NF0170,74.63343,1081.67195,-12749,1,0,,,0,0,0,0,23
NF0171,150.93732,888.09533,-11423,1,0,,,0,0,0,0,23
NF0172,67.12261,968.86247,-11423,1,0,,,0,0,0,0,23
NF0173,429.50209,60.38298,-300,1,0,,,0,0,0,0,23
NF0174,434.65803,67.12292,-300,1,0,,,0,0,0,0,23
NF0175,749.02634,343.4149,-602,1,0,,,0,0,0,0,23
NF0176,133.42734,945.2827,-11900,1,0,,,0,0,0,0,23
NF0177,1154.38337,827.58675,378,1,0,,,0,0,0,0,23
NF0178,1065.58824,817.67009,-1177.335557,1,0,,,0,0,0,0,23
NF0179,1177.20144,1135.20976,-102,1,0,,,0,0,0,0,23
NF0180,1212.7536,1000.02008,-302,1,0,,,0,0,0,0,23
NF0181,1067.54982,786.6561,-1177.335557,1,0,,,0,0,0,0,23
NF0182,859.83237,449.47595,-599.25,1,0,,,0,0,0,0,23
NF0183,1178.62564,1005.62968,-102,1,0,,,0,0,0,0,23
NF0184,1066.49872,805.21875,-1177.335557,1,0,,,0,0,0,0,23
NF0185,890.13142,460.07689,-525,1,0,,,0,0,0,0,23
NF0186,912.12757,475.39989,-300,1,0,,,0,0,0,0,23
NF0187,171.40545,1383.81047,-8981.086107,1,0,,,0,0,0,0,23
NF0188,636.5562,1197.04845,-2040.195492,1,0,,,0,0,0,0,23
NF0189,901.75756,517.65251,-300,1,0,,,0,0,0,0,23
NF0190,841.88563,395.63686,-525,1,0,,,0,0,0,0,23
NF0191,209.66315,592.93085,-5202,1,0,,,0,0,0,0,23
NF0192,81.65531,1134.75971,-12749,1,0,,,0,0,0,0,23
NF0193,317.66766,165.82538,-300,1,0,,,0,0,0,0,23
NF0194,161.46569,893.13976,-11223,1,0,,,0,0,0,0,23
NF0195,267.30847,273.16143,-300,1,0,,,0,0,0,0,23
NF0196,401.45193,44.42367,-300,1,0,,,0,0,0,0,23
NF0197,250.65999,1007.48646,-5921.250384,1,0,,,0,0,0,0,23
NF0198,156.35517,917.85214,-11900,1,0,,,0,0,0,0,23
NF0199,250.94721,1056.23457,-7319.186269,1,0,,,0,0,0,0,23
NF0200,189.37575,1084.44709,-11900,1,0,,,0,0,0,0,23
NF0201,203.1525,1070.63781,-12100,1,0,,,0,0,0,0,23
NF0202,94.08921,1083.51583,-12024.42496,1,0,,,0,0,0,0,23
NF0203,96.29882,858.85604,-11423,1,0,,,0,0,0,0,23
NF0204,71.95824,932.66632,-11423,1,0,,,0,0,0,0,23
NF0205,147.25451,934.21683,-12100,1,0,,,0,0,0,0,23
NF0206,52.16086,922.0417,-11423,1,0,,,0,0,0,0,23
NF0207,90.3764,860.79851,-11423,1,0,,,0,0,0,0,23
NF0208,113.16126,940.08728,-12100,1,0,,,0,0,0,0,23
NF0209,76.85212,818.70608,-11223,1,0,,,0,0,0,0,23
NF0210,76.53176,1106.88673,-12549,1,0,,,0,0,0,0,23
NF0211,148.2092,1155.97006,-11900,1,0,,,0,0,0,0,23
NF0212,110.38137,1207.46471,-12549,1,0,,,0,0,0,0,23
NF0213,351.00915,1280.22488,-8781.086107,1,0,,,0,0,0,0,23
NF0214,314.97018,1053.26696,-6160.064516,1,0,,,0,0,0,0,23
NF0215,69.57885,943.14346,-11423,1,0,,,0,0,0,0,23
NF0216,339.83358,1288.91017,-8930.57145,1,0,,,0,0,0,0,23
NF0217,260.50137,1052.43948,-6677.854453,1,0,,,0,0,0,0,23
NF0218,294.36434,1305.575,-10385.34072,1,0,,,0,0,0,0,23
NF0219,218.61556,1164.90112,-12749,1,0,,,0,0,0,0,23
NF0220,241.83128,1324.65656,-11113.24572,1,0,,,0,0,0,0,23
NF0221,274.13784,933.74574,-4046,1,0,,,0,0,0,0,23
NF0222,331.86722,944.20809,-1696,1,0,,,0,0,0,0,23
NF0223,117.48038,1218.35185,-12749,1,0,,,0,0,0,0,23
NF0224,161.74732,1296.88216,-12749,1,0,,,0,0,0,0,23
NF0225,191.88574,1280.92767,-12749,1,0,,,0,0,0,0,23
NF0226,181.61,1010.86,-11900,1,0,,,0,0,0,0,23
NF0227,186.04122,1073.28481,-12100,1,0,,,0,0,0,0,23
NF0228,171.16074,1072.34958,-11900,1,0,,,0,0,0,0,23
NF0229,151.05152,1184.68186,-12749,1,0,,,0,0,0,0,23
NF0230,306.48291,1300.68285,-9895.499002,1,0,,,0,0,0,0,23
NF0231,172.82431,1093.68274,-12100,1,0,,,0,0,0,0,23
NF0232,75.14053,1089.59233,-12749,1,0,,,0,0,0,0,23
NF0233,261.62093,931.58068,-4368.666667,1,0,,,0,0,0,0,23
NF0234,165.32247,1091.56876,-11900,1,0,,,0,0,0,0,23
NF0235,312.56352,1298.7072,-9629.48012,1,0,,,0,0,0,0,23
NF0236,163.32076,1190.43215,-12100,1,0,,,0,0,0,0,23
NF0237,310.24079,1186.75867,-9102,1,0,,,0,0,0,0,23
NF0238,156.61625,1161.54148,-12100,1,0,,,0,0,0,0,23
NF0239,193.72479,1342.73992,-12275.44456,1,0,,,0,0,0,0,23
NF0240,226.64788,1330.37955,-11652.49081,1,0,,,0,0,0,0,23
NF0241,199.91216,1285.39805,-12100,1,0,,,0,0,0,0,23
NF0242,144.92967,1205.29409,-12549,1,0,,,0,0,0,0,23
NF0243,346.33721,897.43722,-3272,1,0,,,0,0,0,0,23
NF0244,474.38686,940.19822,-1230.095238,1,0,,,0,0,0,0,23
NF0245,175.94091,1296.00793,-11900,1,0,,,0,0,0,0,23
NF0246,380.97954,923.54876,-1475.404255,1,0,,,0,0,0,0,23
NF0247,345.14925,902.02437,-3072,1,0,,,0,0,0,0,23
NF0248,326.86969,989.08682,-4202,1,0,,,0,0,0,0,23
NF0249,336.25957,913.06216,-1672.833333,1,0,,,0,0,0,0,23
NF0250,378.78254,905.05592,-3072,1,0,,,0,0,0,0,23
NF0251,326.16492,992.88051,-4102,1,0,,,0,0,0,0,23
NF0252,398.4851,805.23389,-5452,1,0,,,0,0,0,0,23
NF0253,359.73256,916.74943,-2872,1,0,,,0,0,0,0,23
NF0254,316.66987,1040.2751,-5922,1,0,,,0,0,0,0,23
NF0255,212.53488,1177.14304,-12749,1,0,,,0,0,0,0,23
NF0256,236.18717,1325.51694,-11173.82414,1,0,,,0,0,0,0,23
NF0257,195.65567,1272.4239,-12549,1,0,,,0,0,0,0,23
NF0258,164.59158,1302.31855,-12749,1,0,,,0,0,0,0,23
NF0259,185.34742,1341.94928,-12373.99038,1,0,,,0,0,0,0,23
NF0260,166.40071,1199.04106,-12749,1,0,,,0,0,0,0,23
NF0261,207.09403,1280.45561,-12549,1,0,,,0,0,0,0,23
NF0262,366.0254,799.02569,-5452,1,0,,,0,0,0,0,23
NF0263,252.14288,544.83957,-290.4615385,1,0,,,0,0,0,0,23
NF0264,379.55701,801.59292,-5452,1,0,,,0,0,0,0,23
NF0265,373.48482,759.13373,-5452,1,0,,,0,0,0,0,23
NF0266,284.64973,325.72544,-300,1,0,,,0,0,0,0,23
NF0267,257.01452,509.10617,-326.0740741,1,0,,,0,0,0,0,23
NF0268,336.99431,948.64894,-2784.666667,1,0,,,0,0,0,0,23
NF0269,382.60358,376.72309,-102,1,0,,,0,0,0,0,23
NF0270,662.33197,433.94623,398,1,0,,,0,0,0,0,23
NF0271,729.58879,372.0277,-402,1,0,,,0,0,0,0,23
NF0272,345.51306,530.26109,-5902,1,0,,,0,0,0,0,23
NF0273,731.88851,382.23891,-602,1,0,,,0,0,0,0,23
NF0274,698.65465,445.60117,198,1,0,,,0,0,0,0,23
NF0275,103.06266,830.7612,-11423,1,0,,,0,0,0,0,23
NF0276,694.9504,460.4387,198,1,0,,,0,0,0,0,23
NF0277,666.73004,409.93188,398,1,0,,,0,0,0,0,23
NF0278,115.06464,786.08614,-12602,1,0,,,0,0,0,0,23
NF0279,583.65984,244.42066,-100,1,0,,,0,0,0,0,23
NF0280,696.21845,415.48285,198,1,0,,,0,0,0,0,23
NF0281,216.31489,627.21948,-5602,1,0,,,0,0,0,0,23
NF0282,414.15145,759.78297,-5252,1,0,,,0,0,0,0,23
NF0283,383.77729,802.73305,-5452,1,0,,,0,0,0,0,23
NF0284,406.52093,572.78336,-5072,1,0,,,0,0,0,0,23
NF0285,505.55442,780.38429,-3057.999875,1,0,,,0,0,0,0,23
NF0286,372.96502,440.78261,-2800,1,0,,,0,0,0,0,23
NF0287,377.83525,909.09694,-3272,1,0,,,0,0,0,0,23
NF0288,371.87659,445.05567,-3000,1,0,,,0,0,0,0,23
NF0289,450.26038,546.16552,-5072,1,0,,,0,0,0,0,23
NF0290,516.78175,211.42573,-100,1,0,,,0,0,0,0,23
NF0291,277.51452,332.81156,-300,1,0,,,0,0,0,0,23
NF0292,525.74983,202.94875,-300,1,0,,,0,0,0,0,23
NF0293,445.1129544,582.1523517,-5072,1,0,,,0,0,0,0,23
NF0294,227.95109,894.62502,-7302,1,0,,,0,0,0,0,23
NF0295,753.0887,791.21219,-3558.337744,1,0,,,0,0,0,0,23
NF0296,776.25151,640.66698,-1398.153846,1,0,,,0,0,0,0,23
NF0297,370.22492,535.42383,-6102,1,0,,,0,0,0,0,23
NF0298,429.40573,387.96228,998,1,0,,,0,0,0,0,23
NF0299,781.57299,649.1066,-602,1,0,,,0,0,0,0,23
NF0300,655.28498,618.04051,-4772,1,0,,,0,0,0,0,23
NF0301,382.81702,386.54745,-300,1,0,,,0,0,0,0,23
NF0302,410.07194,357.46292,-302,1,0,,,0,0,0,0,23
NF0303,411.20808,543.46903,-4872,1,0,,,0,0,0,0,23
NF0304,471.30388,256.378,-2183.25,1,0,,,0,0,0,0,23
NF0305,834.96963,438.60383,-525,1,0,,,0,0,0,0,23
NF0306,752.87733,392.54924,-602,1,0,,,0,0,0,0,23
NF0307,729.92811,429.77571,198,1,0,,,0,0,0,0,23
NF0308,392.5005,379.64514,-102,1,0,,,0,0,0,0,23
NF0309,596.75215,256.77947,-100,1,0,,,0,0,0,0,23
NF0310,586.08338,255.2602,698,1,0,,,0,0,0,0,23
NF0311,448.59571,576.24207,-5072,1,0,,,0,0,0,0,23
NF0312,454.27021,552.58033,-4872,1,0,,,0,0,0,0,23
NF0313,662.6949,621.48582,-4871.544638,1,0,,,0,0,0,0,23
NF0314,416.1124426,733.6346549,-5252,1,0,,,0,0,0,0,23
NF0315,538.42772,204.69746,-300,1,0,,,0,0,0,0,23
NF0316,710.64235,415.08114,198,1,0,,,0,0,0,0,23
NF0317,408.92859,764.74537,-5352,1,0,,,0,0,0,0,23
NF0318,488.87074,171.53931,-100,1,0,,,0,0,0,0,23
NF0319,630.93902,780.87749,-6172,1,0,,,0,0,0,0,23
NF0320,623.42441,780.01728,-6172,1,0,,,0,0,0,0,23
NF0321,401.33111,95.32058,-300,1,0,,,0,0,0,0,23
NF0322,475.40258,233.00973,-1247,1,0,,,0,0,0,0,23
NF0323,417.6295615,737.0071448,-5252,1,0,,,0,0,0,0,23
NF0324,791.28969,610.72659,-429.3809524,1,0,,,0,0,0,0,23
NF0325,696.04147,440.55897,198,1,0,,,0,0,0,0,23
NF0326,699.81824,415.98971,198,1,0,,,0,0,0,0,23
NF0327,416.59297,537.98583,-4872,1,0,,,0,0,0,0,23
NF0328,441.54209,119.64766,-300,1,0,,,0,0,0,0,23
NF0329,691.81958,439.57556,198,1,0,,,0,0,0,0,23
NF0330,396.20902,354.08253,-102,1,0,,,0,0,0,0,23
NF0331,357.56746,516.27752,-5700,1,0,,,0,0,0,0,23
NF0332,295.78819,286.73187,-300,1,0,,,0,0,0,0,23
NF0333,345.77377,330.21515,-102,1,0,,,0,0,0,0,23
NF0334,325.32519,193.69804,-300,1,0,,,0,0,0,0,23
NF0335,781.50916,616.89648,-1384.5,1,0,,,0,0,0,0,23
NF0336,720.94668,449.82497,198,1,0,,,0,0,0,0,23
NF0337,1060.89009,871.148,-277,1,0,,,0,0,0,0,23
NF0338,1055.87875,931.00976,-502,1,0,,,0,0,0,0,23
NF0339,932.40553,485.01061,-100,1,0,,,0,0,0,0,23
NF0340,927.92755,524.56727,-300,1,0,,,0,0,0,0,23
NF0341,1072.32395,596.42877,-300,1,0,,,0,0,0,0,23
NF0342,1023.70124,573.20233,-100,1,0,,,0,0,0,0,23
NF0343,1040.91698,534.03799,-300,1,0,,,0,0,0,0,23
NF0344,1010.03599,565.53833,-100,1,0,,,0,0,0,0,23
NF0345,1053.75434,863.86541,-77,1,0,,,0,0,0,0,23
NF0346,348.58229,1069.43971,-6949.185465,1,0,,,0,0,0,0,23
NF0347,1022.36853,523.8963,-100,1,0,,,0,0,0,0,23
NF0348,1027.18459,528.09888,-300,1,0,,,0,0,0,0,23
NF0349,1088.35508,554.66179,-300,1,0,,,0,0,0,0,23
NF0350,357.05148,1022.73998,-5252,1,0,,,0,0,0,0,23
NF0351,462.44713,1243.18148,-6723.538896,1,0,,,0,0,0,0,23
NF0352,386.13674,1266.81741,-8402.463765,1,0,,,0,0,0,0,23
NF0353,343.31784,1155.43468,-8902,1,0,,,0,0,0,0,23
NF0354,357.88536,1017.81126,-5202,1,0,,,0,0,0,0,23
NF0355,343.71657,1100.89428,-7902,1,0,,,0,0,0,0,23
NF0356,939.31721,483.51362,-100,1,0,,,0,0,0,0,23
NF0357,360.5102,1006.31783,-4748.315789,1,0,,,0,0,0,0,23
NF0358,520.76241,1011.28054,-1539.976707,1,0,,,0,0,0,0,23
NF0359,374.07487,955.13931,-1881.883721,1,0,,,0,0,0,0,23
NF0360,504.97552,906.96802,-801.9936503,1,0,,,0,0,0,0,23
NF0361,496.05917,943.71041,-1086.878049,1,0,,,0,0,0,0,23
NF0362,397.62549,1070.95798,-5663.593698,1,0,,,0,0,0,0,23
NF0363,619.93683,999.82996,-762,1,0,,,0,0,0,0,23
NF0364,835.64063,547.3155,-402,1,0,,,0,0,0,0,23
NF0365,701.7837,1093.06002,-1202,1,0,,,0,0,0,0,23
NF0366,832.90728,554.48781,-602,1,0,,,0,0,0,0,23
NF0367,824.53542,616.70768,-227.9661017,1,0,,,0,0,0,0,23
NF0368,726.9925,1136.79987,-1414.328816,1,0,,,0,0,0,0,23
NF0369,908.73898,531.11156,-300,1,0,,,0,0,0,0,23
NF0370,907.05008,555.8719,-100,1,0,,,0,0,0,0,23
NF0371,524.1321,980.51603,-1202,1,0,,,0,0,0,0,23
NF0372,819.73873,615.15457,-391.7627119,1,0,,,0,0,0,0,23
NF0373,836.84599,539.09143,-602,1,0,,,0,0,0,0,23
NF0374,894.72482,625.39891,-300,1,0,,,0,0,0,0,23
NF0375,764.83109,1122.08623,-1002,1,0,,,0,0,0,0,23
NF0376,744.90822,840.34432,-3629.574301,1,0,,,0,0,0,0,23
NF0377,890.64045,812.83207,-302,1,0,,,0,0,0,0,23
NF0378,787.42416,743.50845,-301,1,0,,,0,0,0,0,23
NF0379,713.04541,1022.25118,-624,1,0,,,0,0,0,0,23
NF0380,783.96301,806.88684,-302,1,0,,,0,0,0,0,23
NF0381,613.10499,1177.04468,-3656.450759,1,0,,,0,0,0,0,23
NF0382,530.10022,1017.80186,-1583.898215,1,0,,,0,0,0,0,23
NF0383,536.80094,983.15285,-1202,1,0,,,0,0,0,0,23
NF0384,881.30135,821.82772,-102,1,0,,,0,0,0,0,23
NF0385,845.68813,504.50339,-602,1,0,,,0,0,0,0,23
NF0386,717.31107,1140.93317,-1967.753515,1,0,,,0,0,0,0,23
NF0387,821.46109,984.48452,-1102,1,0,,,0,0,0,0,23
NF0388,827.77713,1002.33159,-2402,1,0,,,0,0,0,0,23
NF0389,833.62739,1000.27908,-2602,1,0,,,0,0,0,0,23
NF0390,906.20711,565.54183,-300,1,0,,,0,0,0,0,23
NF0391,529.48961,784.85994,-2535.522407,1,0,,,0,0,0,0,23
NF0392,729.07923,917.63573,-762,1,0,,,0,0,0,0,23
NF0393,796.9578,715.95491,-300,1,0,,,0,0,0,0,23
NF0394,753.31685,1011.68972,-824,1,0,,,0,0,0,0,23
NF0395,918.59634,651.97895,-300,1,0,,,0,0,0,0,23
NF0396,926.65272,536.88427,-300,1,0,,,0,0,0,0,23
NF0397,963.36613,637.90774,-100,1,0,,,0,0,0,0,23
NF0398,956.48848,718.67667,-300,1,0,,,0,0,0,0,23
NF0399,726.55756,930.54086,-762,1,0,,,0,0,0,0,23
NF0400,706.22738,951.398,-5462,1,0,,,0,0,0,0,23
NF0401,507.54036,893.67149,-602,1,0,,,0,0,0,0,23
NF0402,895.15794,723.22443,-300,1,0,,,0,0,0,0,23
NF0403,711.05574,926.55829,-1562,1,0,,,0,0,0,0,23
NF0404,960.45096,647.07508,-100,1,0,,,0,0,0,0,23
NF0405,716.74137,927.79461,-1343.818182,1,0,,,0,0,0,0,23
NF0406,762.9609,930.53812,-628,1,0,,,0,0,0,0,23
NF0407,779.84806,795.40312,-397.4545455,1,0,,,0,0,0,0,23
NF0408,620.11449,966.99536,-355.0612245,1,0,,,0,0,0,0,23
NF0409,625.6926,973.32165,-110.1632653,1,0,,,0,0,0,0,23
NF0410,648.71165,821.02643,398,1,0,,,0,0,0,0,23
NF0411,502.42008,950.12304,-1202,1,0,,,0,0,0,0,23
NF0412,594.92394,962.66365,-326,1,0,,,0,0,0,0,23
NF0413,715.35309,984.18758,-824,1,0,,,0,0,0,0,23
NF0414,749.50543,1024.26824,-824,1,0,,,0,0,0,0,23
NF0415,967.80998,555.59777,-300,1,0,,,0,0,0,0,23
NF0416,926.60059,542.00382,-300,1,0,,,0,0,0,0,23
NF0417,622.14444,828.74947,298,1,0,,,0,0,0,0,23
NF0418,921.13501,638.73182,-100,1,0,,,0,0,0,0,23
NF0419,925.93808,825.10356,-102,1,0,,,0,0,0,0,23
NF0420,753.16267,938.33519,-753.8787879,1,0,,,0,0,0,0,23
NF0421,768.12325,1066.07155,-1002,1,0,,,0,0,0,0,23
NF0422,915.99041,712.88273,-300,1,0,,,0,0,0,0,23
NF0423,980.92637,827.70114,-302,1,0,,,0,0,0,0,23
NF0424,1006.87181,573.50126,-300,1,0,,,0,0,0,0,23
NF0425,1005.09944,644.91696,-100,1,0,,,0,0,0,0,23
NF0426,756.51989,924.18468,-758.0588235,1,0,,,0,0,0,0,23
NF0427,969.31949,638.2819,-100,1,0,,,0,0,0,0,23
NF0428,969.40718,598.88188,-300,1,0,,,0,0,0,0,23
NF0429,780.18197,1068.92241,-202,1,0,,,0,0,0,0,23
NF0430,870.27395,1087.65916,-2,1,0,,,0,0,0,0,23
NF0431,976.60039,559.60647,-300,1,0,,,0,0,0,0,23
NF0432,771.4305,1072.21798,-502,1,0,,,0,0,0,0,23
NF0433,920.33604,624.82363,-300,1,0,,,0,0,0,0,23
NF0434,876.9,857.6,-258.4666667,1,0,,,0,0,0,0,23
NF0435,761.41962,938.50713,-628,1,0,,,0,0,0,0,23
NF0436,772.60472,844.85828,-383.8181818,1,0,,,0,0,0,0,23
NF0437,910.58154,923.49566,-1135.962264,1,0,,,0,0,0,0,23
NF0501,203.96665,1371.37313,-8981.086107,1,0,,,0,0,0,0,23
NF0502,159.40291,1353.3549,-8981.086107,1,0,,,0,0,0,0,23
NF0503,112.87485,1254.46493,-12749,1,0,,,0,0,0,0,23
NF0504,130.96342,1244.05479,-12749,1,0,,,0,0,0,0,23
NF0505,49.31122,939.40191,-11423,1,0,,,0,0,0,0,23
NF0506,69.28263,854.24769,-11223,1,0,,,0,0,0,0,23
NF0507,66.11642,835.9992,-11223,1,0,,,0,0,0,0,23
NF0508,69.94427,822.86493,-11223,1,0,,,0,0,0,0,23
NF0509,222.25365,540.73788,-300,1,0,,,0,0,0,0,23
NF0510,228.07574,502.88049,-300,1,0,,,0,0,0,0,23
NF0511,260.24482,314.39132,-300,1,0,,,0,0,0,0,23
NF0512,259.22759,294.85622,-300,1,0,,,0,0,0,0,23
NF0513,264.29077,277.0195,-300,1,0,,,0,0,0,0,23
NF0514,383.09142,81.59027,-300,1,0,,,0,0,0,0,23
NF0515,380.11223,72.98685,-300,1,0,,,0,0,0,0,23
NF0516,409.20295,94.40211,-300,1,0,,,0,0,0,0,23
NF0517,520.83852,190.8359,-100,1,0,,,0,0,0,0,23
NF0518,547.07564,165.6452,-100,1,0,,,0,0,0,0,23
NF0519,697.28875,445.31202,198,1,0,,,0,0,0,0,23
NF0520,699.83671,415.8375,198,1,0,,,0,0,0,0,23
NF0521,403.53365,382.50085,-102,1,0,,,0,0,0,0,23
NF0522,410.49131,575.36139,-5072,1,0,,,0,0,0,0,23
NF0523,98.9693,825.05983,-11423,1,0,,,0,0,0,0,23
NF0524,178.0475,999.20852,-11900,1,0,,,0,0,0,0,23
NF0525,169.08994,1002.74168,-11900,1,0,,,0,0,0,0,23
NF0526,158.35225,1181.06376,-12100,1,0,,,0,0,0,0,23
NF0527,247.61546,1210.6195,-10970.79663,1,0,,,0,0,0,0,23
NF0528,239.4857,1214.99748,-10970.79663,1,0,,,0,0,0,0,23
NF0529,260.27138,1227.19754,-10970.79663,1,0,,,0,0,0,0,23
NF0530,351.229,1316.22449,-8930.57145,1,0,,,0,0,0,0,23
NF0531,396.38372,1296.75024,-8402.463765,1,0,,,0,0,0,0,23
NF0532,469.00126,969.20365,-1230.095238,1,0,,,0,0,0,0,23
NF0533,497.7958,975.21228,-1202,1,0,,,0,0,0,0,23
NF0534,551.67021,1078.21972,-3703.498223,1,0,,,0,0,0,0,23
NF0535,562.03582,1073.3069,-3703.498223,1,0,,,0,0,0,0,23
NF0536,254.60322,1065.15749,-7319.186269,1,0,,,0,0,0,0,23
NF0537,592.46717,993.8802,-1202,1,0,,,0,0,0,0,23
NF0538,710.16139,1017.24338,-624,1,0,,,0,0,0,0,23
NF0539,716.93225,982.0442,-824,1,0,,,0,0,0,0,23
NF0540,602.93954,1211.17158,-2040.195492,1,0,,,0,0,0,0,23
NF0541,592.58475,1187.64697,-3521.384406,1,0,,,0,0,0,0,23
NF0542,626.87255,1174.40471,-3656.450759,1,0,,,0,0,0,0,23
NF0543,769.17444,1149.50745,-1002,1,0,,,0,0,0,0,23
NF0544,805.54664,1136.91371,-202,1,0,,,0,0,0,0,23
NF0545,760.76749,1126.35117,-1002,1,0,,,0,0,0,0,23
NF0546,1135.34801,1138.73919,-302,1,0,,,0,0,0,0,23
NF0548,704.36158,820.21249,-111.0909091,1,0,,,0,0,0,0,23
NF0549,710.18824,795.59808,-111.0909091,1,0,,,0,0,0,0,23
NF0550,656.3455,785.29177,-111.0909091,1,0,,,0,0,0,0,23
NF0551,819.93092,497.84258,-602,1,0,,,0,0,0,0,23
NF0552,769.73091,704.75821,-300,1,0,,,0,0,0,0,23
NF0553,986.8217,1110.94965,-1202,1,0,,,0,0,0,0,23
NF0554,901.9875,621.88052,-300,1,0,,,0,0,0,0,23
NF0555,900.18877,651.99962,-300,1,0,,,0,0,0,0,23
NF0556,1036.0293,495.02474,-100,1,0,,,0,0,0,0,23
NF0557,1127.85958,539.45262,-100,1,0,,,0,0,0,0,23
NF0558,1139.30764,537.757,-100,1,0,,,0,0,0,0,23
NF0559,1153.0486,543.61232,-100,1,0,,,0,0,0,0,23
NF0560,1163.09173,556.67878,-100,1,0,,,0,0,0,0,23
NF0561,391.53534,1088.4378,-5759.143788,1,0,,,0,0,0,0,23
NF0562,304.53678,1151.32709,-8902,1,0,,,0,0,0,0,23
NF0563,170.07519,700.67286,-9377,1,0,,,0,0,0,0,23
NF0564,152.34178,689.8979,-5202,1,0,,,0,0,0,0,23
NF0565,263.52056,415.36741,-300,1,0,,,0,0,0,0,23
NF0566,242.92563,411.8121,-300,1,0,,,0,0,0,0,23
NS0028,694.11427,445.35567,398,1,0,,,0,0,0,0,23
NS0029,642.24578,709.603,1028,1,0,,,0,0,0,0,23
NS0030,644.0491,715.78033,714.0606061,1,0,,,0,0,0,0,23
NS0031,647.73731,681.71213,1028,1,0,,,0,0,0,0,23
NS0032,648.51719,694.59832,998,1,0,,,0,0,0,0,23
NS0033,622.08962,828.62279,498,1,0,,,0,0,0,0,23
NS0034,653.23345,668.71842,1198,1,0,,,0,0,0,0,23
NS0035,603.36669,422.80389,868,1,0,,,0,0,0,0,23
NS0036,554.67642,527.11761,901.8235294,1,0,,,0,0,0,0,23
NS0037,525.56319,676.70176,1228,1,0,,,0,0,0,0,23
NS0038,523.62491,681.89363,1228,1,0,,,0,0,0,0,23
NS0039,528.91206,654.8359,1028,1,0,,,0,0,0,0,23
NS0040,498.95309,826.72751,338,1,0,,,0,0,0,0,23
NS0041,637.97445,877.10807,298,1,0,,,0,0,0,0,23
NS0042,677.93173,739.64027,498,1,0,,,0,0,0,0,23
NS0043,663.82545,744.71733,698,1,0,,,0,0,0,0,23
NS0044,595.92016,443.78262,1088,1,0,,,0,0,0,0,23
NS0045,689.62907,679.46267,498,1,0,,,0,0,0,0,23
NS0046,593.8815,533.05209,1198,1,0,,,0,0,0,0,23
NS0047,614.82132,450.12577,998,1,0,,,0,0,0,0,23
NS0048,577.43791,540.05966,1188,1,0,,,0,0,0,0,23
NS0049,600.18828,426.01376,868,1,0,,,0,0,0,0,23
NS0050,550.35596,412.11297,1198,1,0,,,0,0,0,0,23
NS0051,558.16881,465.68463,-1529.170785,1,0,,,0,0,0,0,23
NS0052,564.21664,478.18155,906.5294118,1,0,,,0,0,0,0,23
NS0053,539.13782,508.87856,1228,1,0,,,0,0,0,0,23
NS0054,559.17126,480.93699,1228,1,0,,,0,0,0,0,23
NS0055,532.65842,640.57251,901.8235294,1,0,,,0,0,0,0,23
NS0056,519.40469,814.66133,355.5,1,0,,,0,0,0,0,23
NS0057,521.24647,696.45906,928,1,0,,,0,0,0,0,23
NS0058,494.88275,375.30609,1188.909091,1,0,,,0,0,0,0,23
NS0059,571.24219,417.30661,1228,1,0,,,0,0,0,0,23
NS0060,575.66961,421.29708,1028,1,0,,,0,0,0,0,23
NS0061,411.26149,358.22285,-302,1,0,,,0,0,0,0,23
NS0062,513.61,262.32,-802,1,0,,,0,0,0,0,23
NS0063,556.88025,293.11071,1148,1,0,,,0,0,0,0,23
NS0064,504.52751,377.36202,1354.896552,1,0,,,0,0,0,0,23
NS0065,717.54088,450.38293,398,1,0,,,0,0,0,0,23
NS0066,404.41738,382.20975,-100,1,0,,,0,0,0,0,23
NS0067,677.88913,673.03861,1183.294118,1,0,,,0,0,0,0,23
NS0068,677.97085,683.32308,525.2183722,1,0,,,0,0,0,0,23
NS0069,711.22911,502.93234,998,1,0,,,0,0,0,0,23
NS0070,707.66472,517.22213,1198,1,0,,,0,0,0,0,23
NS0071,708.73122,412.00688,398,1,0,,,0,0,0,0,23
NS0072,700.57008,414.69469,398,1,0,,,0,0,0,0,23
NS0073,730.20581,429.53287,398,1,0,,,0,0,0,0,23
NS0074,586.61233,251.72848,-300,1,0,,,0,0,0,0,23
NS0075,558.58347,289.81154,1148,1,0,,,0,0,0,0,23
NS0076,705.15391,534.92196,1198,1,0,,,0,0,0,0,23
NS0077,712.45603,507.88762,998,1,0,,,0,0,0,0,23
NS0078,588.78076,253.74461,-300,1,0,,,0,0,0,0,23
NS0079,706.46774,530.1795,1198,1,0,,,0,0,0,0,23
NS0080,709.83792,441.68513,398,1,0,,,0,0,0,0,23
NS0081,622.6591,447.399,-202,1,0,,,0,0,0,0,23
NS0082,710.32848,441.78183,398,1,0,,,0,0,0,0,23
NS0083,720.8639,450.79835,398,1,0,,,0,0,0,0,23
NS0084,709.25051,447.25063,398,1,0,,,0,0,0,0,23
NS0085,708.75995,447.154,398,1,0,,,0,0,0,0,23
NS0087,642.09921,709.57015,1028,1,0,,,0,0,0,0,23
NS0088,620.73419,442.77472,-202,1,0,,,0,0,0,0,23
NS0089,612.55531,445.4034,998,1,0,,,0,0,0,0,23
NS0100,527.18709,669.38992,1028,1,0,,,0,0,0,0,23
NS0101,549.99659,674.50119,1028,1,0,,,0,0,0,0,23
NS0102,648.5736,692.93002,998,1,0,,,0,0,0,0,23
NS0103,673.19369,698.19913,998,1,0,,,0,0,0,0,23
NS0104,576.58053,391.09355,1228,1,0,,,0,0,0,0,23
NS0105,608.72459,396.71805,868,1,0,,,0,0,0,0,23
